-- auto generated by generateSupabaseDevDatabase.ts 

insert into "gameListings" (
"developerUid", "gameId", "placeId", "platformName", "minAverageViews", "budgetCents", "creationDate", "dueDate", "description", "rank", "gameType"
    )
values ('developer1',
'1',
5656646615,
'youtubeVideo',
20,
500000,
1732646581717,
1732646581717,
'This is a description',
-1,
'roblox'),
('developer1',
'1',
5656646615,
'youtubeShort',
20,
10000,
1732646581717,
1732646581717,
'This is a description',
null,
'roblox'),
('developer1',
'1',
5656646615,
'tiktokVideo',
20,
10000,
1732646581717,
1732646581717,
'This is a description',
null,
'roblox'),
('developer2',
'2',
5254674128,
'youtubeVideo',
20,
100000,
1732646581717,
1732646581717,
'This is a description',
null,
'roblox');


insert into "creatorPlatformStats" (
"creatorUid", "platformUsername", "platformName", "platformPhotoUrl", "creatorRating", "rate", "offeringDescription", "deliveryEstimate", "category", "subscriberCount", "averageViews", "audienceGender", "audienceAgeIs13Minus", "audienceAgeIs13to16", "audienceAgeIs17to24", "audienceAgeIs25Plus", "audienceLanguage", "audienceCountry", "allowRevisions", "allowLinkInBio", "questions", "featured", "acceptRobloxGameOffers", "acceptFortniteGameOffers", "hideFromCreatorsPage"
    )
values ('creator1',
'creator1',
'youtubeVideo',
null,
'{"averageRating":4.5,"reviewsAmount":100}',
'{"uniqueCents":100000,"repostCents":0,"rateRange":null}',
'My offering description',
2,
'horror',
2000,
1000,
'all',
null,
true,
true,
null,
'en',
'us',
null,
null,
'[{"id":"1","question":"Is there anything in particular you want me to check out in your game?","required":null,"type":"textfield"},{"id":"2","question":"Is there anything you do not want me to checkout or talk about in your game?","required":true,"type":"textfield"},{"id":"3","question":"Is your music custom made or is it pulled from a library? (will need to know due to youtube copyrighting the video)","required":null,"type":"textfield"}]',
true,
true,
null,
null),
('creator1',
'creator1',
'youtubeShort',
null,
'{"averageRating":4.5,"reviewsAmount":100}',
'{"uniqueCents":5000,"repostCents":2000,"rateRange":null}',
'My offering description',
2,
'horror',
2000,
2000,
'all',
null,
true,
true,
null,
'en',
'us',
null,
null,
'[{"id":"1","question":"Is there anything in particular you want me to check out in your game?","required":null,"type":"textfield"},{"id":"2","question":"Is there anything you do not want me to checkout or talk about in your game?","required":true,"type":"textfield"},{"id":"3","question":"Is your music custom made or is it pulled from a library? (will need to know due to youtube copyrighting the video)","required":null,"type":"textfield"}]',
true,
true,
null,
null),
('creator1',
'creator1',
'tiktokVideo',
null,
'{"averageRating":4.5,"reviewsAmount":100}',
'{"uniqueCents":20000,"repostCents":15000,"rateRange":null}',
'My offering description',
2,
'horror',
2000,
3000,
'all',
true,
true,
true,
null,
'en',
'us',
true,
null,
'[{"id":"1","question":"Is there anything in particular you want me to check out in your game?","required":null,"type":"textfield"},{"id":"2","question":"Is there anything you do not want me to checkout or talk about in your game?","required":true,"type":"textfield"},{"id":"3","question":"Is your music custom made or is it pulled from a library? (will need to know due to youtube copyrighting the video)","required":null,"type":"textfield"}]',
true,
true,
null,
null),
('creator2',
'creator2',
'youtubeVideo',
null,
'{"averageRating":4.5,"reviewsAmount":100}',
'{"uniqueCents":20000,"repostCents":15000,"rateRange":null}',
'My offering description',
2,
'horror',
2000,
54000,
'all',
null,
true,
true,
true,
'en',
'us',
null,
null,
'[{"id":"1","question":"Is there anything in particular you want me to check out in your game?","required":null,"type":"textfield"},{"id":"2","question":"Is there anything you do not want me to checkout or talk about in your game?","required":true,"type":"textfield"},{"id":"3","question":"Is your music custom made or is it pulled from a library? (will need to know due to youtube copyrighting the video)","required":null,"type":"textfield"}]',
true,
true,
null,
null);


insert into "gameListingApplications" (
"gameListingId", "gameId", "creatorPlatformStatId", "creatorUid", "developerUid", "message", "applicationDate", "creatorAgencyUid"
    )
values (1,
'1',
4,
'creator2',
'developer1',
'Hello',
1732646581717,
null),
(1,
'1',
4,
'creator2',
'developer1',
'Hello',
1732646581717,
'agency1');


insert into "socialSeedRobloxApi" (
"id", "placeId", "ownerId", "ownerRobloxUsername", "ownerRobloxUserId", "gameId", "time", "visits", "ccus", "hasGameZones", "upVotesPercentage", "malePercentage", "femalePercentage", "ageStat"
    )
values ('1',
5656646615,
'developer1',
'OwnerRobloxName',
1,
'1',
'2024-11-26 13:43',
100,
100,
true,
99,
40,
60,
'60% + 18'),
('2',
5254674128,
'developer1',
'OwnerRobloxName',
1,
'2',
'2024-11-26 13:43',
100,
100,
true,
99,
40,
60,
'60% + 18'),
('3',
7092295725,
'developer1',
'OwnerRobloxName',
1,
'3',
'2024-11-26 13:43',
100,
100,
true,
99,
40,
60,
'60% + 18'),
('4',
13914646778,
'developer1',
'OwnerRobloxName',
1,
'4',
'2024-11-26 13:43',
100,
100,
true,
99,
40,
60,
'60% + 18'),
('44',
806471522934,
'developer1',
'OwnerRobloxName',
1,
'44',
'2024-11-26 13:43',
100,
100,
true,
99,
40,
60,
'60% + 18'),
('5',
7991339063,
'developer2',
'OwnerRobloxName',
1,
'5',
'2024-11-26 13:43',
100,
100,
true,
99,
40,
60,
'60% + 18'),
('6',
6284583030,
'developer3',
'OwnerRobloxName',
1,
'6',
'2024-11-26 13:43',
100,
100,
true,
99,
40,
60,
'60% + 18'),
('7',
6677985923,
'developer4',
'OwnerRobloxName',
1,
'7',
'2024-11-26 13:43',
100,
100,
true,
99,
40,
60,
'60% + 18');


insert into "robloxGameZoneImpressions" (
"time", "gameZoneId", "robloxUserId", "adUnitId"
    )
values ('2024-05-01 00:10:00',
'1',
'1',
'1'),
('2024-05-02 00:10:00',
'1',
'1',
'1'),
('2024-05-03 00:10:00',
'1',
'1',
'1'),
('2024-05-04 00:10:00',
'1',
'1',
'1'),
('2024-05-05 00:10:00',
'1',
'1',
'1'),
('2024-05-06 00:10:00',
'1',
'1',
'1'),
('2024-05-07 00:10:00',
'1',
'1',
'1'),
('2024-05-08 00:10:00',
'1',
'1',
'1'),
('2024-05-09 00:10:00',
'1',
'1',
'1'),
('2024-05-10 00:10:00',
'1',
'1',
'1'),
('2024-05-11 00:10:00',
'1',
'1',
'1'),
('2024-05-12 00:10:00',
'1',
'1',
'1'),
('2024-05-13 00:10:00',
'1',
'1',
'1'),
('2024-05-14 00:10:00',
'1',
'1',
'1'),
('2024-05-01 00:10:00',
'2',
'1',
'1'),
('2024-05-02 00:10:00',
'2',
'1',
'1'),
('2024-05-03 00:10:00',
'2',
'1',
'1'),
('2024-05-04 00:10:00',
'2',
'1',
'1'),
('2024-05-05 00:10:00',
'2',
'1',
'1'),
('2024-05-06 00:10:00',
'2',
'1',
'1'),
('2024-05-07 00:10:00',
'2',
'1',
'1'),
('2024-05-08 00:10:00',
'2',
'1',
'1'),
('2024-05-09 00:10:00',
'2',
'1',
'1'),
('2024-05-10 00:10:00',
'2',
'1',
'1'),
('2024-05-11 00:10:00',
'2',
'1',
'1'),
('2024-05-12 00:10:00',
'2',
'1',
'1'),
('2024-05-13 00:10:00',
'2',
'1',
'1'),
('2024-05-14 00:10:00',
'2',
'1',
'1'),
('2024-05-01 00:10:00',
'3',
'1',
'1'),
('2024-05-02 00:10:00',
'3',
'1',
'1'),
('2024-05-03 00:10:00',
'3',
'1',
'1'),
('2024-05-04 00:10:00',
'3',
'1',
'1'),
('2024-05-05 00:10:00',
'3',
'1',
'1'),
('2024-05-06 00:10:00',
'3',
'1',
'1'),
('2024-05-07 00:10:00',
'3',
'1',
'1'),
('2024-05-08 00:10:00',
'3',
'1',
'1'),
('2024-05-09 00:10:00',
'3',
'1',
'1'),
('2024-05-10 00:10:00',
'3',
'1',
'1'),
('2024-05-11 00:10:00',
'3',
'1',
'1'),
('2024-05-12 00:10:00',
'3',
'1',
'1'),
('2024-05-13 00:10:00',
'3',
'1',
'1'),
('2024-05-14 00:10:00',
'3',
'1',
'1'),
('2024-05-01 00:10:00',
'4',
'1',
'1'),
('2024-05-02 00:10:00',
'4',
'1',
'1'),
('2024-05-03 00:10:00',
'4',
'1',
'1'),
('2024-05-04 00:10:00',
'4',
'1',
'1'),
('2024-05-05 00:10:00',
'4',
'1',
'1'),
('2024-05-06 00:10:00',
'4',
'1',
'1'),
('2024-05-07 00:10:00',
'4',
'1',
'1'),
('2024-05-08 00:10:00',
'4',
'1',
'1'),
('2024-05-09 00:10:00',
'4',
'1',
'1'),
('2024-05-10 00:10:00',
'4',
'1',
'1'),
('2024-05-11 00:10:00',
'4',
'1',
'1'),
('2024-05-12 00:10:00',
'4',
'1',
'1'),
('2024-05-13 00:10:00',
'4',
'1',
'1'),
('2024-05-14 00:10:00',
'4',
'1',
'1');


insert into "robloxGameZoneImpressionsApiKeys" (
"uid", "gameZonesIds"
    )
values ('developer1',
'["1","3","4"]'),
('developer2',
'["2"]');


